Africa	Aba	5.1066	7.3667	Africa/Lagos
Africa	Alasia	6.4749	3.1691	Africa/Lagos
Africa	Benghazi	32.1149	20.0686	Africa/Tripoli
Africa	Benin City	6.3381	5.6258	Africa/Lagos
Africa	Blantyre	-15.7850	35.0085	Africa/Blantyre
Africa	Bobo-Dioulasso	11.1806	-4.2949	Africa/Ouagadougou
Africa	Bouaké	7.6939	-5.0303	Africa/Abidjan
Africa	Bukavu	-2.4908	28.8428	Africa/Lubumbashi
Africa	Dar es Salaam	-6.8235	39.2695	Africa/Dar_es_Salaam
Africa	Douala	4.0483	9.7043	Africa/Douala
Africa	Enugu	6.4413	7.4988	Africa/Lagos
Africa	Fes	34.0331	-5.0003	Africa/Casablanca
Africa	Gqeberha	-33.9611	25.6149	Africa/Johannesburg
Africa	Ibadan	7.3776	3.9059	Africa/Lagos
Africa	Ilorin	8.4966	4.5421	Africa/Lagos
Africa	Jos	9.9285	8.8921	Africa/Lagos
Africa	Kaduna	10.5264	7.4388	Africa/Lagos
Africa	Kakamega	0.2842	34.7523	Africa/Nairobi
Africa	Kananga	-5.8962	22.4166	Africa/Lubumbashi
Africa	Kisangani	0.5153	25.1910	Africa/Lubumbashi
Africa	Kolwezi	-10.7148	25.4667	Africa/Lubumbashi
Africa	Kumasi	6.6885	-1.6244	Africa/Accra
Africa	Maiduguri	11.8469	13.1571	Africa/Lagos
Africa	Mbuji-Mayi	-6.1360	23.5898	Africa/Lubumbashi
Africa	Mwanza	-2.5167	32.9000	Africa/Dar_es_Salaam
Africa	Nampula	-15.1165	39.2666	Africa/Maputo
Africa	Onitsha	6.1498	6.7857	Africa/Lagos
Africa	Pietermaritzburg	-29.6168	30.3928	Africa/Johannesburg
Africa	Pointe-Noire	-4.7761	11.8635	Africa/Brazzaville
Africa	Port Harcourt	4.7774	7.0134	Africa/Lagos
Africa	Port Said	31.2653	32.3019	Africa/Cairo
Africa	Sokoto	13.0627	5.2432	Africa/Lagos
Africa	Soshanguve	-25.4729	28.0992	Africa/Johannesburg
Africa	Tangier	35.7673	-5.7998	Africa/Casablanca
Africa	Touba	14.8623	-15.8753	Africa/Dakar
Africa	Warri	5.5174	5.7501	Africa/Lagos
Africa	Zaria	11.1113	7.7227	Africa/Lagos
Asia	Agra	27.1833	78.0167	Asia/Kolkata
Asia	Ahmedabad	23.0258	72.5873	Asia/Kolkata
Asia	Alīgarh	27.8815	78.0746	Asia/Kolkata
Asia	Amritsar	31.6223	74.8753	Asia/Kolkata
Asia	Ankang	32.6800	109.0172	Asia/Shanghai
Asia	Anqing	30.5136	117.0472	Asia/Shanghai
Asia	Anshan	41.1236	122.9900	Asia/Shanghai
Asia	Anshun	26.2500	105.9333	Asia/Shanghai
Asia	Anyang	36.0960	114.3828	Asia/Shanghai
Asia	Arifwala	30.2906	73.0657	Asia/Karachi
Asia	Aurangabad	19.8776	75.3423	Asia/Kolkata
Asia	Bahawalpur	29.3978	71.6752	Asia/Karachi
Asia	Bandar Lampung	-5.4292	105.2611	Asia/Jakarta
Asia	Bandung	-6.9222	107.6069	Asia/Jakarta
Asia	Bannu	32.9853	70.6040	Asia/Karachi
Asia	Baoding	38.8729	115.4625	Asia/Shanghai
Asia	Baoji	34.3678	107.2370	Asia/Shanghai
Asia	Baoshan	25.1163	99.1637	Asia/Shanghai
Asia	Baotou	40.6516	109.8439	Asia/Shanghai
Asia	Batam	1.1494	104.0249	Asia/Jakarta
Asia	Bayan Nur	40.7414	107.3860	Asia/Shanghai
Asia	Bazhong	31.8694	106.7443	Asia/Shanghai
Asia	Bengbu	32.9408	117.3608	Asia/Shanghai
Asia	Benxi	41.2886	123.7650	Asia/Shanghai
Asia	Bhopal	23.2547	77.4029	Asia/Kolkata
Asia	Bhubaneswar	20.2724	85.8338	Asia/Kolkata
Asia	Bijie	27.3019	105.2863	Asia/Shanghai
Asia	Bogor	-6.5944	106.7892	Asia/Jakarta
Asia	Bozhou	33.8772	115.7703	Asia/Shanghai
Asia	Budta	7.2042	124.4397	Asia/Manila
Asia	Busan	35.1017	129.0300	Asia/Seoul
Asia	Cebu City	10.3167	123.8907	Asia/Manila
Asia	Chandigarh	30.7363	76.7884	Asia/Kolkata
Asia	Changchun	43.8800	125.3228	Asia/Shanghai
Asia	Changde	29.0321	111.6984	Asia/Shanghai
Asia	Changsha	28.1987	112.9709	Asia/Shanghai
Asia	Changshu	31.6461	120.7422	Asia/Shanghai
Asia	Changwon	35.2281	128.6811	Asia/Seoul
Asia	Changzhi	36.1839	113.1053	Asia/Shanghai
Asia	Changzhou	31.7736	119.9540	Asia/Shanghai
Asia	Chaozhou	23.6540	116.6226	Asia/Shanghai
Asia	Chattogram	22.3384	91.8317	Asia/Dhaka
Asia	Chenzhou	25.8000	113.0333	Asia/Shanghai
Asia	Cheongju-si	36.6372	127.4897	Asia/Seoul
Asia	Chiba	35.6000	140.1167	Asia/Tokyo
Asia	Chongqing	29.5603	106.5577	Asia/Shanghai
Asia	Chuzhou	32.3219	118.2978	Asia/Shanghai
Asia	Cixi	30.1764	121.2457	Asia/Shanghai
Asia	Coimbatore	11.0055	76.9661	Asia/Kolkata
Asia	Comilla	23.4619	91.1850	Asia/Dhaka
Asia	Cần Thơ	10.0371	105.7883	Asia/Ho_Chi_Minh
Asia	Da Nang	16.0678	108.2208	Asia/Ho_Chi_Minh
Asia	Daegu	35.8703	128.5911	Asia/Seoul
Asia	Daejeon	36.3491	127.3849	Asia/Seoul
Asia	Dalian	38.9122	121.6022	Asia/Shanghai
Asia	Daqing	46.5833	125.0000	Asia/Shanghai
Asia	Datong	40.0936	113.2914	Asia/Shanghai
Asia	Davao	7.0731	125.6128	Asia/Manila
Asia	Dazhou	31.2106	107.4631	Asia/Shanghai
Asia	Dera Ismail Khan	31.8313	70.9017	Asia/Karachi
Asia	Dhanbad	23.7976	86.4299	Asia/Kolkata
Asia	Dongguan	23.0180	113.7487	Asia/Shanghai
Asia	Dongying	37.4627	118.4917	Asia/Shanghai
Asia	Faisalabad	31.4155	73.0897	Asia/Karachi
Asia	Faridabad	28.4112	77.3132	Asia/Kolkata
Asia	Fengxiang	30.8584	121.4678	Asia/Shanghai
Asia	Fukuoka	33.6000	130.4167	Asia/Tokyo
Asia	Fushun	41.8867	123.9436	Asia/Shanghai
Asia	Fuyang	32.9000	115.8167	Asia/Shanghai
Asia	Fuzhou	27.9600	116.3333	Asia/Shanghai
Asia	Fuzhou (CN)	26.0614	119.3061	Asia/Shanghai
Asia	Ganzhou	25.8466	114.9326	Asia/Shanghai
Asia	Ghāziābād	28.6654	77.4391	Asia/Kolkata
Asia	Gorakhpur	29.4477	75.6721	Asia/Kolkata
Asia	Guang’an	30.4741	106.6370	Asia/Shanghai
Asia	Guankou	28.1586	113.6271	Asia/Shanghai
Asia	Guigang	23.1160	109.5947	Asia/Shanghai
Asia	Guilin	25.2802	110.2964	Asia/Shanghai
Asia	Guiyang	26.5833	106.7167	Asia/Shanghai
Asia	Gujranwala	32.1557	74.1870	Asia/Karachi
Asia	Guwahati	26.1844	91.7458	Asia/Kolkata
Asia	Gwalior	26.2298	78.1734	Asia/Kolkata
Asia	Gwangju	35.1547	126.9156	Asia/Seoul
Asia	Haikou	20.0342	110.3465	Asia/Shanghai
Asia	Haiphong	20.8648	106.6834	Asia/Bangkok
Asia	Hamamatsu	34.7000	137.7333	Asia/Tokyo
Asia	Handan	36.6100	114.4876	Asia/Shanghai
Asia	Hangzhou	30.2936	120.1614	Asia/Shanghai
Asia	Hanzhong	33.0751	107.0221	Asia/Shanghai
Asia	Hefei	31.8639	117.2808	Asia/Shanghai
Asia	Hengyang	26.8895	112.6189	Asia/Shanghai
Asia	Heshan	28.5694	112.3473	Asia/Shanghai
Asia	Heze	35.2393	115.4736	Asia/Shanghai
Asia	Hezhou	24.4036	111.5667	Asia/Shanghai
Asia	Hiroshima	34.4000	132.4500	Asia/Tokyo
Asia	Hohhot	40.8106	111.6522	Asia/Shanghai
Asia	Huai'an	33.5886	119.0192	Asia/Shanghai
Asia	Huaibei	33.9744	116.7917	Asia/Shanghai
Asia	Huainan	32.6264	116.9969	Asia/Shanghai
Asia	Hubballi	15.3478	75.1338	Asia/Kolkata
Asia	Huizhou	23.1115	114.4152	Asia/Shanghai
Asia	Huludao	40.7524	120.8355	Asia/Shanghai
Asia	Huzhou	30.8703	120.0933	Asia/Shanghai
Asia	Huế	16.4619	107.5955	Asia/Bangkok
Asia	Hyderabad	17.3840	78.4564	Asia/Kolkata
Asia	Hyderabad (PK)	25.3969	68.3772	Asia/Karachi
Asia	Incheon	37.4565	126.7052	Asia/Seoul
Asia	Indore	22.7179	75.8333	Asia/Kolkata
Asia	Ipoh	4.5841	101.0829	Asia/Kuala_Lumpur
Asia	Jabalpur	23.1670	79.9501	Asia/Kolkata
Asia	Jaipur	26.9196	75.7878	Asia/Kolkata
Asia	Jalandhar	31.3256	75.5792	Asia/Kolkata
Asia	Jamshedpur	22.8028	86.1855	Asia/Kolkata
Asia	Jepara	-6.5924	110.6710	Asia/Jakarta
Asia	Jiading	31.3858	121.2446	Asia/Shanghai
Asia	Jiangmen	22.5833	113.0833	Asia/Shanghai
Asia	Jiangyin	31.9110	120.2630	Asia/Shanghai
Asia	Jiaozuo	35.2392	113.2391	Asia/Shanghai
Asia	Jiaxing	30.7522	120.7500	Asia/Shanghai
Asia	Jieyang	23.5418	116.3658	Asia/Shanghai
Asia	Jilin	43.8465	126.5608	Asia/Shanghai
Asia	Jinan	36.6683	116.9972	Asia/Shanghai
Asia	Jingzhou	30.3503	112.1903	Asia/Shanghai
Asia	Jinhua	29.1068	119.6442	Asia/Shanghai
Asia	Jining	35.4050	116.5814	Asia/Shanghai
Asia	Jiujiang	29.7048	116.0021	Asia/Shanghai
Asia	Jodhpur	26.2684	73.0059	Asia/Kolkata
Asia	Kaifeng	34.7986	114.3074	Asia/Shanghai
Asia	Kallakurichi	11.7338	78.9592	Asia/Kolkata
Asia	Kalyān	19.2437	73.1355	Asia/Kolkata
Asia	Kanayannur	9.9667	76.2667	Asia/Kolkata
Asia	Kanpur	26.4652	80.3498	Asia/Kolkata
Asia	Kaohsiung	22.6163	120.3133	Asia/Taipei
Asia	Khulna	22.8098	89.5644	Asia/Dhaka
Asia	Kitakyushu	33.8518	130.8503	Asia/Tokyo
Asia	Kobe	34.6913	135.1830	Asia/Tokyo
Asia	Kota	25.1825	75.8391	Asia/Kolkata
Asia	Kunming	25.0389	102.7183	Asia/Shanghai
Asia	Kunshan	31.3776	120.9543	Asia/Shanghai
Asia	Kyoto	35.0211	135.7538	Asia/Tokyo
Asia	Laibin	23.7474	109.2222	Asia/Shanghai
Asia	Laiwu	36.1928	117.6569	Asia/Shanghai
Asia	Langfang	39.5208	116.7147	Asia/Shanghai
Asia	Lanzhou	36.0570	103.8399	Asia/Shanghai
Asia	Lianyungang	34.5984	119.2156	Asia/Shanghai
Asia	Liaocheng	36.4506	116.0025	Asia/Shanghai
Asia	Linfen	36.0889	111.5189	Asia/Shanghai
Asia	Linyi	35.0631	118.3428	Asia/Shanghai
Asia	Liupanshui	26.5944	104.8333	Asia/Shanghai
Asia	Liuzhou	24.3240	109.4070	Asia/Shanghai
Asia	Longyan	25.0749	117.0178	Asia/Shanghai
Asia	Lucknow	26.8393	80.9231	Asia/Kolkata
Asia	Ludhiana	30.9120	75.8538	Asia/Kolkata
Asia	Luohe	33.5742	114.0326	Asia/Shanghai
Asia	Luoyang	34.6735	112.4368	Asia/Shanghai
Asia	Luzhou	28.8903	105.4257	Asia/Shanghai
Asia	Lu’an	31.7356	116.5169	Asia/Shanghai
Asia	Lüliang	37.5192	111.1444	Asia/Shanghai
Asia	Madurai	9.9190	78.1195	Asia/Kolkata
Asia	Makassar	-5.1486	119.4319	Asia/Makassar
Asia	Malang	-7.9797	112.6304	Asia/Jakarta
Asia	Mandalay	21.9747	96.0836	Asia/Yangon
Asia	Maoming	21.6663	110.9136	Asia/Shanghai
Asia	Meerut	28.9800	77.7064	Asia/Kolkata
Asia	Meishan	30.0439	103.8370	Asia/Shanghai
Asia	Meizhou	24.2886	116.1177	Asia/Shanghai
Asia	Mianyang	31.4678	104.6817	Asia/Shanghai
Asia	Multan	30.1968	71.4782	Asia/Karachi
Asia	Mysuru	12.2979	76.6393	Asia/Kolkata
Asia	Nagoya	35.1815	136.9064	Asia/Tokyo
Asia	Nagpur	21.1463	79.0849	Asia/Kolkata
Asia	Najafgarh	28.6092	76.9798	Asia/Kolkata
Asia	Nanchang	28.6840	115.8531	Asia/Shanghai
Asia	Nanchong	30.7951	106.0847	Asia/Shanghai
Asia	Nanjing	32.0617	118.7778	Asia/Shanghai
Asia	Nanning	22.8167	108.3167	Asia/Shanghai
Asia	Nantong	32.0303	120.8747	Asia/Shanghai
Asia	Nanyang	33.0052	112.5466	Asia/Shanghai
Asia	Narela	28.8527	77.0929	Asia/Kolkata
Asia	Nashik	19.9973	73.7910	Asia/Kolkata
Asia	Neijiang	29.5835	105.0622	Asia/Shanghai
Asia	Niigata	37.9226	139.0412	Asia/Tokyo
Asia	Ningbo	29.8782	121.5494	Asia/Shanghai
Asia	Nowrangapur	19.2311	82.5483	Asia/Kolkata
Asia	Ordos	39.6086	109.7816	Asia/Shanghai
Asia	Padang	-0.9492	100.3543	Asia/Jakarta
Asia	Palembang	-2.9167	104.7458	Asia/Jakarta
Asia	Panjin	41.1210	122.0739	Asia/Shanghai
Asia	Panzhihua	26.5851	101.7128	Asia/Shanghai
Asia	Patna	25.5941	85.1356	Asia/Kolkata
Asia	Pekanbaru	0.5167	101.4417	Asia/Jakarta
Asia	Peshawar	34.0080	71.5785	Asia/Karachi
Asia	Pingdingshan	33.7309	113.3155	Asia/Shanghai
Asia	Pingxiang	27.6167	113.8535	Asia/Shanghai
Asia	Prayagraj	25.4448	81.8432	Asia/Kolkata
Asia	Pune	18.5196	73.8554	Asia/Kolkata
Asia	Puning	23.3107	116.1687	Asia/Shanghai
Asia	Putian	25.4394	119.0103	Asia/Shanghai
Asia	Puyang	29.4568	119.8887	Asia/Shanghai
Asia	Qingdao	36.0649	120.3804	Asia/Shanghai
Asia	Qingyang	35.7098	107.6445	Asia/Shanghai
Asia	Qingyuan	23.7000	113.0333	Asia/Shanghai
Asia	Qinhuangdao	39.9410	119.5894	Asia/Shanghai
Asia	Qinzhou	21.9825	108.6506	Asia/Shanghai
Asia	Qiqihar	47.3392	123.9615	Asia/Shanghai
Asia	Quanzhou	24.9139	118.5858	Asia/Shanghai
Asia	Quetta	30.1841	67.0014	Asia/Karachi
Asia	Qujing	25.4833	103.7833	Asia/Shanghai
Asia	Quzhou	28.9594	118.8686	Asia/Shanghai
Asia	Raipur	21.2333	81.6333	Asia/Kolkata
Asia	Rajshahi	24.3740	88.6011	Asia/Dhaka
Asia	Ranchi	23.3432	85.3094	Asia/Kolkata
Asia	Rangpur	25.7466	89.2517	Asia/Dhaka
Asia	Rui’an	27.7761	120.6586	Asia/Shanghai
Asia	Rājkot	22.2916	70.7932	Asia/Kolkata
Asia	Saitama	35.9081	139.6566	Asia/Tokyo
Asia	Salem	11.6538	78.1554	Asia/Kolkata
Asia	Samarinda	-0.4917	117.1458	Asia/Makassar
Asia	Sanhe	39.9805	117.0689	Asia/Shanghai
Asia	Sanya	18.2543	109.5095	Asia/Shanghai
Asia	Sargodha	32.0859	72.6742	Asia/Karachi
Asia	Semarang	-6.9931	110.4208	Asia/Jakarta
Asia	Sendai	38.2667	140.8667	Asia/Tokyo
Asia	Shangqiu	34.4143	115.6561	Asia/Shanghai
Asia	Shangrao	28.4518	117.9429	Asia/Shanghai
Asia	Shangyu	30.0156	120.8711	Asia/Shanghai
Asia	Shantou	23.3549	116.6788	Asia/Shanghai
Asia	Shaoguan	24.8000	113.5833	Asia/Shanghai
Asia	Shaoxing	30.0024	120.5786	Asia/Shanghai
Asia	Shaoyang	27.2382	111.4621	Asia/Shanghai
Asia	Shenyang	41.7922	123.4328	Asia/Shanghai
Asia	Shenzhen	22.5455	114.0683	Asia/Shanghai
Asia	Shijiazhuang	38.0414	114.4786	Asia/Shanghai
Asia	Shiyan	32.6475	110.7781	Asia/Shanghai
Asia	Sholapur	17.6715	75.9104	Asia/Kolkata
Asia	Shymkent	42.3099	69.6004	Asia/Almaty
Asia	Sialkot	32.4927	74.5313	Asia/Karachi
Asia	Songjiang	31.0344	121.2233	Asia/Shanghai
Asia	Srinagar	34.0857	74.8055	Asia/Kolkata
Asia	Suqian	33.9492	118.2958	Asia/Shanghai
Asia	Surat	21.1959	72.8302	Asia/Kolkata
Asia	Suwon	37.2911	127.0089	Asia/Seoul
Asia	Suzhou	33.6361	116.9789	Asia/Shanghai
Asia	Suzhou (CN)	31.3041	120.5954	Asia/Shanghai
Asia	Taichung	24.1469	120.6839	Asia/Taipei
Asia	Tainan	22.9908	120.2133	Asia/Taipei
Asia	Taipei	25.0531	121.5264	Asia/Taipei
Asia	Taiyuan	37.8694	112.5603	Asia/Shanghai
Asia	Taizhou	32.4907	119.9081	Asia/Shanghai
Asia	Taizhou (CN)	28.6627	121.4331	Asia/Shanghai
Asia	Tai’an	36.1853	117.1200	Asia/Shanghai
Asia	Takeo	10.9908	104.7850	Asia/Phnom_Penh
Asia	Tangerang	-6.1781	106.6300	Asia/Jakarta
Asia	Tangshan	39.6438	118.1832	Asia/Shanghai
Asia	Tasikmalaya	-7.3274	108.2207	Asia/Jakarta
Asia	Teni	10.0112	77.4777	Asia/Kolkata
Asia	Thanh Hóa	19.8000	105.7667	Asia/Bangkok
Asia	Thiruvananthapuram	8.4855	76.9492	Asia/Kolkata
Asia	Tianjin	39.1422	117.1767	Asia/Shanghai
Asia	Tianshui	34.5795	105.7424	Asia/Shanghai
Asia	Tiruchirappalli	10.8155	78.6965	Asia/Kolkata
Asia	Tirunelveli	8.7274	77.6838	Asia/Kolkata
Asia	Tiruppur	11.1154	77.3546	Asia/Kolkata
Asia	Ulsan	35.5372	129.3167	Asia/Seoul
Asia	Vadodara	22.2994	73.2081	Asia/Kolkata
Asia	Varanasi	25.3167	83.0104	Asia/Kolkata
Asia	Vijayawada	16.5074	80.6466	Asia/Kolkata
Asia	Vinh	18.6734	105.6923	Asia/Bangkok
Asia	Virār	19.4559	72.8114	Asia/Kolkata
Asia	Visakhapatnam	17.6801	83.2016	Asia/Kolkata
Asia	Wanxian	30.8160	108.3741	Asia/Shanghai
Asia	Weifang	36.7100	119.1019	Asia/Shanghai
Asia	Weihai	37.5091	122.1136	Asia/Shanghai
Asia	Weinan	34.5035	109.5089	Asia/Shanghai
Asia	Wenzhou	27.9994	120.6668	Asia/Shanghai
Asia	Wuhan	30.5833	114.2667	Asia/Shanghai
Asia	Wuhu	31.3526	118.4295	Asia/Shanghai
Asia	Wuwei	37.9267	102.6320	Asia/Shanghai
Asia	Wuxi	31.5689	120.2886	Asia/Shanghai
Asia	Wuzhong	37.9867	106.2010	Asia/Shanghai
Asia	Wuzhou	23.4805	111.2885	Asia/Shanghai
Asia	Xiamen	24.4798	118.0819	Asia/Shanghai
Asia	Xiangtan	27.8500	112.9000	Asia/Shanghai
Asia	Xiangyang	32.0422	112.1448	Asia/Shanghai
Asia	Xianyang	34.3378	108.7026	Asia/Shanghai
Asia	Xiaogan	30.9269	113.9222	Asia/Shanghai
Asia	Xingtai	37.0622	114.4927	Asia/Shanghai
Asia	Xining	36.6255	101.7574	Asia/Shanghai
Asia	Xinxiang	35.1903	113.8015	Asia/Shanghai
Asia	Xinyang	32.1228	114.0656	Asia/Shanghai
Asia	Xinyu	27.8043	114.9334	Asia/Shanghai
Asia	Xi’an	34.2583	108.9286	Asia/Shanghai
Asia	Xuancheng	30.9525	118.7553	Asia/Shanghai
Asia	Xuchang	34.0319	113.8630	Asia/Shanghai
Asia	Xuzhou	34.2044	117.2839	Asia/Shanghai
Asia	Yancheng	33.3575	120.1573	Asia/Shanghai
Asia	Yangjiang	21.8556	111.9627	Asia/Shanghai
Asia	Yangon	16.8053	96.1561	Asia/Yangon
Asia	Yantai	37.4765	121.4408	Asia/Shanghai
Asia	Yibin	28.7593	104.6399	Asia/Shanghai
Asia	Yichang	30.7144	111.2847	Asia/Shanghai
Asia	Yichun	27.8333	114.4000	Asia/Shanghai
Asia	Yinchuan	38.4681	106.2731	Asia/Shanghai
Asia	Yixing	31.3606	119.8202	Asia/Shanghai
Asia	Yokohama	35.4333	139.6500	Asia/Tokyo
Asia	Yongzhou	26.4239	111.6131	Asia/Shanghai
Asia	Yueyang	29.3745	113.0948	Asia/Shanghai
Asia	Yulin	22.6305	110.1469	Asia/Shanghai
Asia	Yunfu	22.9279	112.0381	Asia/Shanghai
Asia	Zamboanga	6.9103	122.0739	Asia/Manila
Asia	Zaozhuang	34.8647	117.5542	Asia/Shanghai
Asia	Zhangjiagang	31.8650	120.5389	Asia/Shanghai
Asia	Zhanjiang	21.2339	110.3875	Asia/Shanghai
Asia	Zhaoqing	23.0489	112.4609	Asia/Shanghai
Asia	Zhaotong	27.3167	103.7167	Asia/Shanghai
Asia	Zhengzhou	34.7578	113.6486	Asia/Shanghai
Asia	Zhenjiang	32.2109	119.4551	Asia/Shanghai
Asia	Zhongshan	22.5231	113.3791	Asia/Shanghai
Asia	Zhongwei	37.5113	105.1907	Asia/Shanghai
Asia	Zhoushan	29.9887	122.2049	Asia/Shanghai
Asia	Zhu Cheng City	35.9950	119.4026	Asia/Shanghai
Asia	Zhuhai	22.2769	113.5678	Asia/Shanghai
Asia	Zhuzhou	27.8333	113.1500	Asia/Shanghai
Asia	Zibo	36.7906	118.0633	Asia/Shanghai
Asia	Zigong	29.3416	104.7769	Asia/Shanghai
Asia	Ziyang	30.1211	104.6481	Asia/Shanghai
Asia	Zunyi	27.6867	106.9072	Asia/Shanghai
Europe	Birmingham	52.4814	-1.8998	Europe/London
Europe	Chelyabinsk	55.1611	61.4288	Asia/Yekaterinburg
Europe	Dnipro	48.4666	35.0407	Europe/Kyiv
Europe	Donetsk	48.0230	37.8022	Europe/Kyiv
Europe	Kazan	55.7887	49.1221	Europe/Moscow
Europe	Kharkiv	49.9818	36.2548	Europe/Kyiv
Europe	Krasnodar	45.0453	38.9818	Europe/Moscow
Europe	Krasnoyarsk	56.0374	92.9314	Asia/Krasnoyarsk
Europe	Köln	50.9333	6.9500	Europe/Berlin
Europe	Nizhniy Novgorod	56.3287	44.0020	Europe/Moscow
Europe	Omsk	54.9924	73.3686	Asia/Omsk
Europe	Perm	58.0105	56.2502	Asia/Yekaterinburg
Europe	Rostov-on-Don	47.2200	39.7077	Europe/Moscow
Europe	Rotterdam	51.9225	4.4792	Europe/Amsterdam
Europe	Samara	53.2077	50.1355	Europe/Samara
Europe	Saratov	51.5405	45.9901	Europe/Saratov
Europe	Turin	45.0705	7.6868	Europe/Rome
Europe	Tyumen	57.1522	65.5272	Asia/Yekaterinburg
Europe	Ufa	54.7431	55.9678	Asia/Yekaterinburg
Europe	Valencia	39.4739	-0.3797	Europe/Madrid
Europe	Volgograd	48.7138	44.4976	Europe/Volgograd
Europe	Voronezh	51.6683	39.1920	Europe/Moscow
Middle East	Adana	36.9862	35.3253	Europe/Istanbul
Middle East	Aden	12.7796	45.0385	Asia/Aden
Middle East	Ahvaz	31.3190	48.6842	Asia/Tehran
Middle East	Al Ain City	24.1917	55.7606	Asia/Dubai
Middle East	Al Mawşil al Jadīdah	36.3327	43.1056	Asia/Baghdad
Middle East	Aleppo	36.2012	37.1612	Asia/Damascus
Middle East	Antalya	36.9081	30.6956	Europe/Istanbul
Middle East	Basrah	30.5085	47.7804	Asia/Baghdad
Middle East	Bursa	40.1956	29.0601	Europe/Istanbul
Middle East	Dammam	26.4344	50.1033	Asia/Riyadh
Middle East	Diyarbakır	37.9136	40.2172	Europe/Istanbul
Middle East	Erbil	36.1912	44.0094	Asia/Baghdad
Middle East	Erzurum	39.9086	41.2769	Europe/Istanbul
Middle East	Eskişehir	39.7767	30.5206	Europe/Istanbul
Middle East	Gaziantep	37.0594	37.3825	Europe/Istanbul
Middle East	Homs	34.7240	36.7256	Asia/Damascus
Middle East	Ibb	13.9667	44.1833	Asia/Aden
Middle East	Isfahan	32.6525	51.6746	Asia/Tehran
Middle East	Karaj	35.8327	50.9915	Asia/Tehran
Middle East	Karbala	32.6160	44.0249	Asia/Baghdad
Middle East	Kayseri	38.7322	35.4853	Europe/Istanbul
Middle East	Kirkuk	35.4681	44.3922	Asia/Baghdad
Middle East	Konya	37.8713	32.4846	Europe/Istanbul
Middle East	Küçükçekmece	40.9910	28.7712	Europe/Istanbul
Middle East	Makkah	21.4266	39.8256	Asia/Riyadh
Middle East	Malatya	38.3502	38.3167	Europe/Istanbul
Middle East	Qom	34.6401	50.8764	Asia/Tehran
Middle East	Shiraz	29.6103	52.5311	Asia/Tehran
Middle East	Sulaymaniyah	35.5650	45.4329	Asia/Baghdad
Middle East	Sulţānah	24.4926	39.5857	Asia/Riyadh
Middle East	Taiz	13.5795	44.0209	Asia/Aden
North America	Austin	30.2672	-97.7431	America/Chicago
North America	Charlotte	35.2271	-80.8431	America/New_York
North America	Chihuahua	28.6353	-106.0889	America/Chihuahua
North America	Ciudad Juárez	31.7202	-106.4608	America/Ciudad_Juarez
North America	Columbus	39.9612	-82.9988	America/New_York
North America	Culiacán	24.8021	-107.3942	America/Mazatlan
North America	Dallas	32.7831	-96.8067	America/Chicago
North America	Edmonton	53.5501	-113.4687	America/Edmonton
North America	Fort Worth	32.7254	-97.3208	America/Chicago
North America	Hermosillo	29.0887	-110.9668	America/Hermosillo
North America	Indianapolis	39.7684	-86.1580	America/Indiana/Indianapolis
North America	Jacksonville	30.3322	-81.6556	America/New_York
North America	León de los Aldama	21.1218	-101.6825	America/Mexico_City
North America	Mexicali	32.6278	-115.4545	America/Tijuana
North America	Mérida	20.9670	-89.6232	America/Merida
North America	Philadelphia	39.9524	-75.1636	America/New_York
North America	Puebla	19.0478	-98.2072	America/Mexico_City
North America	San Antonio	29.4241	-98.4936	America/Chicago
North America	San Diego	32.7157	-117.1647	America/Los_Angeles
North America	San Francisco	37.7749	-122.4194	America/Los_Angeles
North America	San Jose (US)	37.3394	-121.8950	America/Los_Angeles
North America	San Pedro Sula	15.5059	-88.0259	America/Tegucigalpa
North America	Santiago de Querétaro	20.5881	-100.3881	America/Mexico_City
North America	Santiago de los Caballeros	19.4504	-70.6908	America/Santo_Domingo
South America	Arequipa	-16.3990	-71.5375	America/Lima
South America	Barcelona (VE)	10.1384	-64.6877	America/Caracas
South America	Barquisimeto	10.0647	-69.3570	America/Caracas
South America	Barranquilla	10.9685	-74.7813	America/Bogota
South America	Belo Horizonte	-19.9208	-43.9378	America/Sao_Paulo
South America	Belém	-1.4558	-48.5044	America/Belem
South America	Cali	3.4305	-76.5199	America/Bogota
South America	Campinas	-22.9056	-47.0608	America/Sao_Paulo
South America	Campo Grande	-20.4428	-54.6464	America/Campo_Grande
South America	Cartagena	10.3982	-75.4933	America/Bogota
South America	Ciudad Guayana	8.3512	-62.6410	America/Caracas
South America	Cochabamba	-17.3819	-66.1599	America/La_Paz
South America	Curitiba	-25.4278	-49.2731	America/Sao_Paulo
South America	Cúcuta	7.9074	-72.5049	America/Bogota
South America	Fortaleza	-3.7172	-38.5431	America/Fortaleza
South America	Goiânia	-16.6786	-49.2539	America/Sao_Paulo
South America	Guayaquil	-2.1962	-79.8862	America/Guayaquil
South America	João Pessoa	-7.1150	-34.8631	America/Fortaleza
South America	Maceió	-9.6658	-35.7353	America/Maceio
South America	Maracaibo	10.6423	-71.6109	America/Caracas
South America	Natal	-5.7950	-35.2094	America/Fortaleza
South America	Nova Iguaçu	-22.7592	-43.4511	America/Sao_Paulo
South America	Rosario	-32.9468	-60.6393	America/Argentina/Cordoba
South America	Salvador	-12.9756	-38.4910	America/Bahia
South America	Santa Cruz de la Sierra	-17.7863	-63.1812	America/La_Paz
South America	São Luís	-2.5297	-44.3028	America/Fortaleza
South America	Teresina	-5.0892	-42.8019	America/Fortaleza
South America	Trujillo	-8.1160	-79.0300	America/Lima
South America	Valencia (VE)	10.1615	-68.0004	America/Caracas
